<?xml version="1.0" encoding="utf-8"?>
<edmx:Edmx Version="3.0" xmlns:edmx="http://schemas.microsoft.com/ado/2009/11/edmx">
 <!-- EF Designer content (DO NOT EDIT MANUALLY BELOW HERE) -->
  <edmx:Designer xmlns="http://schemas.microsoft.com/ado/2009/11/edmx">
    <!-- Diagram content (shape and connector positions) -->
    <edmx:Diagrams>
      <Diagram DiagramId="4f11fc5cc24b47fb9da110ff208ef51c" Name="Diagram1">
        <EntityTypeShape EntityType="PopryzhenokModel.Agent" Width="1.5" PointX="3" PointY="13.125" IsExpanded="true" />
        <EntityTypeShape EntityType="PopryzhenokModel.AgentPriorityHistory" Width="1.5" PointX="5.25" PointY="16.75" IsExpanded="true" />
        <EntityTypeShape EntityType="PopryzhenokModel.AgentType" Width="1.5" PointX="0.75" PointY="14.25" IsExpanded="true" />
        <EntityTypeShape EntityType="PopryzhenokModel.Material" Width="1.5" PointX="3" PointY="8.625" IsExpanded="true" />
        <EntityTypeShape EntityType="PopryzhenokModel.MaterialCountHistory" Width="1.5" PointX="5.25" PointY="10.875" IsExpanded="true" />
        <EntityTypeShape EntityType="PopryzhenokModel.MaterialType" Width="1.5" PointX="0.75" PointY="9.5" IsExpanded="true" />
        <EntityTypeShape EntityType="PopryzhenokModel.Product" Width="1.5" PointX="3" PointY="3.375" IsExpanded="true" />
        <EntityTypeShape EntityType="PopryzhenokModel.ProductCostHistory" Width="1.5" PointX="5.25" PointY="4.125" IsExpanded="true" />
        <EntityTypeShape EntityType="PopryzhenokModel.ProductMaterial" Width="1.5" PointX="5.25" PointY="1.125" IsExpanded="true" />
        <EntityTypeShape EntityType="PopryzhenokModel.ProductSale" Width="1.5" PointX="5.25" PointY="7" IsExpanded="true" />
        <EntityTypeShape EntityType="PopryzhenokModel.ProductType" Width="1.5" PointX="0.75" PointY="4.25" IsExpanded="true" />
        <EntityTypeShape EntityType="PopryzhenokModel.Shop" Width="1.5" PointX="5.25" PointY="19.5" IsExpanded="true" />
        <EntityTypeShape EntityType="PopryzhenokModel.Supplier" Width="1.5" PointX="5.25" PointY="13.625" IsExpanded="true" />
        <EntityTypeShape EntityType="PopryzhenokModel.sysdiagrams" Width="1.5" PointX="7.75" PointY="0.75" IsExpanded="true" />
        <AssociationConnector Association="PopryzhenokModel.FK_Agent_AgentType" ManuallyRouted="false" />
        <AssociationConnector Association="PopryzhenokModel.FK_AgentPriorityHistory_Agent" ManuallyRouted="false" />
        <AssociationConnector Association="PopryzhenokModel.FK_ProductSale_Agent" ManuallyRouted="false" />
        <AssociationConnector Association="PopryzhenokModel.FK_Shop_Agent" ManuallyRouted="false" />
        <AssociationConnector Association="PopryzhenokModel.FK_Material_MaterialType" ManuallyRouted="false" />
        <AssociationConnector Association="PopryzhenokModel.FK_MaterialCountHistory_Material" ManuallyRouted="false" />
        <AssociationConnector Association="PopryzhenokModel.FK_ProductMaterial_Material" ManuallyRouted="false" />
        <AssociationConnector Association="PopryzhenokModel.FK_Product_ProductType" ManuallyRouted="false" />
        <AssociationConnector Association="PopryzhenokModel.FK_ProductCostHistory_Product" ManuallyRouted="false" />
        <AssociationConnector Association="PopryzhenokModel.FK_ProductMaterial_Product" ManuallyRouted="false" />
        <AssociationConnector Association="PopryzhenokModel.FK_ProductSale_Product" ManuallyRouted="false" />
        <AssociationConnector Association="PopryzhenokModel.MaterialSupplier" ManuallyRouted="false" />
      </Diagram>
    </edmx:Diagrams>
  </edmx:Designer>
</edmx:Edmx>